{
  "version": "1.1.1",
  "windows": {
    "main": {
      "main": true,
      "url": "app://editor/index.html",
      "windowType": "dockable",
      "x": 204,
      "y": 97,
      "width": 1522,
      "height": 856,
      "layout": {
        "children": [
          {
            "children": [
              {
                "active": 0,
                "children": [
                  "hierarchy"
                ],
                "height": 364,
                "type": "panel",
                "width": 244
              },
              {
                "active": 0,
                "children": [
                  "assets"
                ],
                "height": 398,
                "type": "panel",
                "width": 244
              }
            ],
            "height": 765,
            "type": "dock-v",
            "width": 244
          },
          {
            "children": [
              {
                "children": [
                  {
                    "active": 0,
                    "children": [
                      "scene"
                    ],
                    "height": 535.984375,
                    "type": "panel",
                    "width": 701
                  },
                  {
                    "active": 0,
                    "children": [
                      "node-library"
                    ],
                    "height": 535.984375,
                    "type": "panel",
                    "width": 258
                  }
                ],
                "height": 535.984375,
                "type": "dock-h",
                "width": 962
              },
              {
                "active": 0,
                "children": [
                  "console",
                  "timeline"
                ],
                "height": 226,
                "type": "panel",
                "width": 962
              }
            ],
            "height": 765,
            "type": "dock-v",
            "width": 962
          },
          {
            "active": 0,
            "children": [
              "inspector"
            ],
            "height": 765,
            "type": "panel",
            "width": 304
          }
        ],
        "type": "dock-h"
      },
      "panels": [
        "node-library",
        "console",
        "inspector",
        "hierarchy",
        "assets",
        "scene",
        "timeline"
      ]
    }
  },
  "panels": {
    "preferences": {
      "x": 672,
      "y": 342,
      "width": 564,
      "height": 548
    },
    "sprite-editor": {
      "x": 710,
      "y": 267,
      "width": 500,
      "height": 522
    },
    "project-settings": {
      "x": 733,
      "y": 306,
      "width": 584,
      "height": 548
    },
    "builder": {
      "x": 1089,
      "y": 32,
      "width": 500,
      "height": 722
    }
  }
}